start_date	end_date	status	progress	duration_in_seconds	finished	recorded_date	response_id	distribution_channel	user_language	work_home_prop_now_1	work_home_prop_prior_1	home_school	discipline
2020-03-25 10:40:29	2020-03-25 10:41:16	IP Address	100	47	True	2020-03-25 10:41:17	R_3ejYeENl5YLgLGz	email	EN	100	19	No	Supply Chain Management
2020-03-25 10:54:09	2020-03-25 10:56:09	IP Address	100	119	True	2020-03-25 10:56:09	R_3Do17inDLCdwvMl	email	EN	100	10	No	Psychiatry
2020-03-25 10:55:35	2020-03-25 10:57:01	IP Address	100	86	True	2020-03-25 10:57:01	R_3oNiCCEuXQpb7uJ	email	EN	100	50	Yes	educational sciences
2020-03-25 12:28:49	2020-03-25 12:33:05	IP Address	100	255	True	2020-03-25 12:33:05	R_bwtzx3GbDyGhXXz	email	EN	100	50	No	Education
2020-03-25 12:54:50	2020-03-25 12:55:52	IP Address	100	62	True	2020-03-25 12:55:53	R_3qjkj4RHU39zpvJ	email	EN	100	50	No	Psychology
2020-03-25 13:05:30	2020-03-25 13:09:00	IP Address	100	209	True	2020-03-25 13:09:00	R_8v06ZHPXDall2w1	email	EN	100	40	No	Developmental psychology
2020-03-25 14:10:25	2020-03-25 14:10:36	IP Address	100	10	True	2020-03-25 14:10:36	R_d1r9zX8gkHa1u7f	email	EN	NA	NA	NA	NA
2020-03-25 14:25:38	2020-03-25 14:28:35	IP Address	100	176	True	2020-03-25 14:28:35	R_1EY8tfYiYkU5FWH	email	EN	100	20	Yes	Communication
2020-03-25 18:47:06	2020-03-25 18:48:38	IP Address	100	91	True	2020-03-25 18:48:39	R_2xFbF7hc0nWH14d	email	EN	100	81	No	clinical psychology
2020-03-25 22:01:14	2020-03-25 22:02:57	IP Address	100	102	True	2020-03-25 22:02:57	R_2bUVgGvuIn07H7z	email	EN	100	50	No	Psychology
2020-03-30 18:29:15	2020-03-30 18:30:43	IP Address	100	87	True	2020-03-30 18:30:43	R_2usKCdaBPx8hqXa	email	EN	100	10	Yes	education
2020-03-30 18:29:59	2020-03-30 18:31:45	IP Address	100	106	True	2020-03-30 18:31:45	R_1PT8GNTsXstYZbv	email	EN	100	79	Yes	business
2020-03-30 18:31:17	2020-03-30 18:33:49	IP Address	100	152	True	2020-03-30 18:33:50	R_1Lk6TMDAZRhobAg	email	EN	90	37	No	Behavioral neuroendocrinology
2020-03-30 18:32:16	2020-03-30 18:34:06	IP Address	100	109	True	2020-03-30 18:34:06	R_1PTcBSvo5DAsGjA	email	EN	100	30	Yes	Experimental linguistics
2020-03-30 18:33:59	2020-03-30 18:35:28	IP Address	100	88	True	2020-03-30 18:35:28	R_2TSqIkgo1YD9ABj	email	EN	100	51	No	Math
2020-03-30 18:33:14	2020-03-30 18:35:39	IP Address	100	145	True	2020-03-30 18:35:39	R_080d80eGbYVOfgl	email	EN	100	71	Yes	health psychology
2020-03-30 18:34:06	2020-03-30 18:35:44	IP Address	100	98	True	2020-03-30 18:35:45	R_2qfJFuBZHfglUaP	email	EN	100	51	No	Psychiatry
2020-03-30 18:28:54	2020-03-30 18:36:02	IP Address	100	427	True	2020-03-30 18:36:02	R_2ah8ehwbQF5DsAj	email	EN	100	50	No	Software Engineering
2020-03-30 18:35:10	2020-03-30 18:39:53	IP Address	100	282	True	2020-03-30 18:39:53	R_2RUMBtPfJkaf3qZ	email	EN	100	90	No	judgment and decision making
2020-03-30 18:39:36	2020-03-30 18:40:46	IP Address	100	69	True	2020-03-30 18:40:47	R_3m3MxlxysqOoCW8	email	EN	100	25	Yes	Applied Psychology
2020-03-30 18:39:46	2020-03-30 18:42:09	IP Address	100	142	True	2020-03-30 18:42:09	R_3I0Ke1t5Pahf4w9	email	EN	100	30	No	NA
2020-03-30 18:56:09	2020-03-30 19:01:17	IP Address	100	307	True	2020-03-30 19:01:17	R_2R2OpQnJCoaKnjO	email	EN	100	92	No	mathematics
2020-03-30 18:45:17	2020-03-30 19:05:59	IP Address	100	1241	True	2020-03-30 19:05:59	R_1DYjprk2oq65Sfw	email	EN	100	20	Yes	anthropology and area studies
2020-03-30 19:17:59	2020-03-30 19:19:32	IP Address	100	92	True	2020-03-30 19:19:32	R_1oGYeNc3fPnlmkS	email	EN	100	81	No	Literacy education
2020-03-30 19:33:02	2020-03-30 19:35:21	IP Address	100	139	True	2020-03-30 19:35:22	R_1igFRNvcCcuRnd1	email	EN	100	20	No	psychology
2020-03-30 19:48:43	2020-03-30 19:50:55	IP Address	100	131	True	2020-03-30 19:50:55	R_3koFrYv5b1DoxHu	email	EN	61	20	No	neuroscience
2020-03-30 20:07:45	2020-03-30 20:09:09	IP Address	100	83	True	2020-03-30 20:09:09	R_2qDXs0SbeMYXRna	email	EN	100	20	No	developmental psychopathology
2020-03-30 20:50:00	2020-03-30 20:52:04	IP Address	100	123	True	2020-03-30 20:52:05	R_vvosjt1ICTuKZuF	email	EN	100	20	No	computer science
2020-03-30 21:06:07	2020-03-30 21:06:49	IP Address	100	41	True	2020-03-30 21:06:49	R_0umLJOiZShadDnH	email	EN	100	20	No	psychology
2020-03-30 21:08:39	2020-03-30 21:09:50	IP Address	100	71	True	2020-03-30 21:09:51	R_AFksVX4VZBD4Y8x	email	EN	61	19	Yes	Neuroscience
2020-03-30 21:10:43	2020-03-30 21:16:56	IP Address	100	373	True	2020-03-30 21:16:57	R_3ke8JJlFXZ5cVKj	email	EN	100	10	No	Clinical health psychology
2020-03-30 21:48:20	2020-03-30 21:53:36	IP Address	100	316	True	2020-03-30 21:53:37	R_3lyGOFKXjP9uQNO	email	EN	100	40	No	Child Development/Early Childhood education
2020-03-30 21:53:39	2020-03-30 21:55:14	IP Address	100	94	True	2020-03-30 21:55:14	R_2ZBVyeCEw4FYMn8	email	EN	100	50	No	Psychopathology
2020-03-30 23:26:04	2020-03-30 23:31:27	IP Address	100	323	True	2020-03-30 23:31:27	R_1gUUqXqqm49dWQj	email	EN	100	0	Yes	Mental Health
2020-03-31 00:41:27	2020-03-31 00:42:53	IP Address	100	85	True	2020-03-31 00:42:53	R_x0eZoAr0kmlD10l	email	EN	100	20	Yes	Marketing
2020-03-31 01:09:43	2020-03-31 01:11:53	IP Address	100	130	True	2020-03-31 01:11:53	R_29mrIz3WLUtCB2O	email	EN	3	20	Yes	psychology
2020-03-31 03:21:06	2020-03-31 03:22:15	IP Address	100	68	True	2020-03-31 03:22:16	R_BWnLmhnf0GaWBAl	email	EN	100	61	No	Comunication
2020-03-31 03:38:12	2020-03-31 03:41:51	IP Address	100	219	True	2020-03-31 03:41:52	R_YSRsO6j9AXrbsHv	email	EN	100	7	No	Food and Nutrition Education and Policy
2020-03-31 05:12:49	2020-03-31 05:15:16	IP Address	100	147	True	2020-03-31 05:15:17	R_a9TWF86ZPAJa3xD	email	EN	90	15	No	Medicine - Paediatrics adn child health
2020-03-31 07:33:30	2020-03-31 07:35:54	IP Address	100	143	True	2020-03-31 07:35:54	R_1hWLlVdMs6LbRpy	email	EN	30	10	No	Education
2020-03-31 09:35:54	2020-03-31 09:37:23	IP Address	100	89	True	2020-03-31 09:37:24	R_3p6hxiXP6jiT01a	email	EN	100	30	Yes	Biology (Behavioral Ecology)
2020-03-31 10:07:43	2020-03-31 10:10:35	IP Address	100	171	True	2020-03-31 10:10:37	R_1mxBpbE95mGxPHv	email	EN	100	29	Yes	Linguistics
2020-03-31 11:01:40	2020-03-31 11:04:58	IP Address	100	198	True	2020-03-31 11:04:59	R_DSNuXP8TXmqeO41	email	EN	100	NA	No	neurology
2020-03-31 11:18:43	2020-03-31 11:20:05	IP Address	100	81	True	2020-03-31 11:20:06	R_2S0qcNjouj6sxdv	email	EN	100	20	Yes	market research
2020-03-31 12:10:19	2020-03-31 12:20:55	IP Address	100	635	True	2020-03-31 12:20:55	R_3n1lHuYQiIrjRGU	email	EN	100	9	No	Psychology
2020-03-31 15:25:29	2020-03-31 15:36:53	IP Address	100	684	True	2020-03-31 15:36:53	R_Og02PRl2OKml43L	email	EN	100	90	No	1) Neurolinguistics and 2) entrepreneurship
2020-03-31 15:48:58	2020-03-31 15:51:31	IP Address	100	153	True	2020-03-31 15:51:32	R_3EiEUcUlRBPytLW	email	EN	94	20	Yes	Biology
2020-04-02 23:31:56	2020-04-02 23:34:49	IP Address	100	173	True	2020-04-02 23:34:49	R_2CxhMpEoeG2ZM8w	email	EN	100	66	No	Behavioural Neuroscience
2020-04-03 11:03:50	2020-04-03 11:06:07	IP Address	100	137	True	2020-04-03 11:06:08	R_2WveDoWtsJGkRkm	email	EN	100	5	No	medicine
2020-03-30 18:38:23	2020-03-30 18:38:32	IP Address	14	9	False	2020-04-06 18:38:41	R_VPdtzUh4bdNDblT	email	EN	NA	NA	NA	NA
2020-03-30 19:53:44	2020-03-30 19:58:11	IP Address	14	266	False	2020-04-06 19:58:33	R_1BXepjomNPeWp7o	email	EN	NA	NA	NA	NA
2020-03-31 00:05:46	2020-03-31 00:06:09	IP Address	14	22	False	2020-04-07 00:06:27	R_3lYpC65Lyfh6KI9	email	EN	NA	NA	NA	NA
2020-03-31 00:36:52	2020-03-31 00:37:04	IP Address	14	12	False	2020-04-07 00:37:16	R_3sh6rCb5T720aLk	email	EN	NA	NA	NA	NA
2020-03-31 08:02:12	2020-03-31 08:03:36	IP Address	14	83	False	2020-04-07 08:03:38	R_3jeZR75Zoe4ZKvU	email	EN	NA	NA	NA	NA
2020-03-31 21:23:20	2020-03-31 21:23:24	IP Address	14	4	False	2020-04-07 21:23:27	R_rkZB9znb6mjVPcl	email	EN	NA	NA	NA	NA
